town_code,date,city_name,county_name,town_name,sub_town_name,total,men,women,20~29_men,20~29_women,30~39_women,30~39_men
1111010100,2024-01-31,서울특별시,종로구,청운동,청운동,2274,1119,1155,166,115,132,108
1111010200,2024-01-31,서울특별시,종로구,신교동,신교동,1341,600,741,92,94,83,65
1111010300,2024-01-31,서울특별시,종로구,궁정동,궁정동,217,94,123,16,13,19,5
1111010400,2024-01-31,서울특별시,종로구,효자동,효자동,568,261,307,36,28,56,37
1111010500,2024-01-31,서울특별시,종로구,창성동,창성동,404,168,236,11,21,36,27
1111010600,2024-01-31,서울특별시,종로구,통의동,통의동,323,166,157,25,16,23,44
1111010700,2024-01-31,서울특별시,종로구,적선동,적선동,38,18,20,0,1,5,2
1111010800,2024-01-31,서울특별시,종로구,통인동,통인동,708,316,392,38,46,48,44
1111010900,2024-01-31,서울특별시,종로구,누상동,누상동,3177,1429,1748,179,211,211,171
1111011000,2024-01-31,서울특별시,종로구,누하동,누하동,780,341,439,44,46,72,57
1111011100,2024-01-31,서울특별시,종로구,옥인동,옥인동,1854,842,1012,92,139,169,168
1111011200,2024-01-31,서울특별시,종로구,체부동,체부동,683,340,343,40,32,42,51
1111011300,2024-01-31,서울특별시,종로구,필운동,필운동,981,448,533,58,80,66,64
1111011400,2024-01-31,서울특별시,종로구,내자동,내자동,82,34,48,2,2,6,5
1111011500,2024-01-31,서울특별시,종로구,사직동,사직동,3166,1393,1773,144,195,223,181
1111011600,2024-01-31,서울특별시,종로구,도렴동,도렴동,2,2,0,0,0,0,1
1111011700,2024-01-31,서울특별시,종로구,당주동,당주동,287,131,156,13,8,12,14
1111011800,2024-01-31,서울특별시,종로구,내수동,내수동,2632,1092,1540,121,223,335,221
1111012000,2024-01-31,서울특별시,종로구,신문로1가,신문로1가,75,40,35,2,2,5,2
1111012100,2024-01-31,서울특별시,종로구,신문로2가,신문로2가,723,316,407,29,48,68,48
1111012200,2024-01-31,서울특별시,종로구,청진동,청진동,54,35,19,2,2,3,4
1111012300,2024-01-31,서울특별시,종로구,서린동,서린동,2,2,0,0,0,0,0
1111012400,2024-01-31,서울특별시,종로구,수송동,수송동,243,113,130,7,12,15,18
1111012500,2024-01-31,서울특별시,종로구,중학동,중학동,4,3,1,1,0,0,0
1111012600,2024-01-31,서울특별시,종로구,종로1가,종로1가,107,58,49,7,8,7,10
1111012700,2024-01-31,서울특별시,종로구,공평동,공평동,1,1,0,0,0,0,0
1111012800,2024-01-31,서울특별시,종로구,관훈동,관훈동,106,65,41,7,2,2,8
1111012900,2024-01-31,서울특별시,종로구,견지동,견지동,230,105,125,8,15,23,16
1111013000,2024-01-31,서울특별시,종로구,와룡동,와룡동,94,54,40,1,1,7,5
1111013100,2024-01-31,서울특별시,종로구,권농동,권농동,131,69,62,2,1,6,7
1111013200,2024-01-31,서울특별시,종로구,운니동,운니동,167,103,64,18,12,8,19
1111013300,2024-01-31,서울특별시,종로구,익선동,익선동,1012,567,445,75,80,67,121
1111013400,2024-01-31,서울특별시,종로구,경운동,경운동,256,128,128,20,24,24,27
1111013500,2024-01-31,서울특별시,종로구,관철동,관철동,241,166,75,42,27,17,38
1111013600,2024-01-31,서울특별시,종로구,인사동,인사동,82,50,32,3,1,5,4
1111013700,2024-01-31,서울특별시,종로구,낙원동,낙원동,846,537,309,56,39,36,52
1111013800,2024-01-31,서울특별시,종로구,종로2가,종로2가,55,31,24,2,3,7,5
1111013900,2024-01-31,서울특별시,종로구,팔판동,팔판동,278,135,143,14,17,9,15
1111014000,2024-01-31,서울특별시,종로구,삼청동,삼청동,1257,603,654,68,72,91,80
1111014100,2024-01-31,서울특별시,종로구,안국동,안국동,250,114,136,14,13,19,15
1111014200,2024-01-31,서울특별시,종로구,소격동,소격동,136,67,69,6,2,8,6
1111014300,2024-01-31,서울특별시,종로구,화동,화동,202,92,110,11,10,15,9
1111014400,2024-01-31,서울특별시,종로구,사간동,사간동,127,64,63,6,4,10,7
1111014600,2024-01-31,서울특별시,종로구,가회동,가회동,977,454,523,42,36,67,55
1111014700,2024-01-31,서울특별시,종로구,재동,재동,85,42,43,4,5,4,5
1111014800,2024-01-31,서울특별시,종로구,계동,계동,1041,480,561,44,53,65,71
1111014900,2024-01-31,서울특별시,종로구,원서동,원서동,1769,828,941,100,124,134,103
1111015100,2024-01-31,서울특별시,종로구,묘동,묘동,34,29,5,0,1,0,3
1111015200,2024-01-31,서울특별시,종로구,봉익동,봉익동,56,39,17,2,3,0,4
1111015300,2024-01-31,서울특별시,종로구,돈의동,돈의동,779,656,123,5,4,4,6
1111015400,2024-01-31,서울특별시,종로구,장사동,장사동,71,58,13,3,0,2,8
1111015500,2024-01-31,서울특별시,종로구,관수동,관수동,382,289,93,54,34,20,48
1111015600,2024-01-31,서울특별시,종로구,종로3가,종로3가,124,102,22,10,0,6,19
1111015700,2024-01-31,서울특별시,종로구,인의동,인의동,1062,527,535,72,90,102,91
1111015800,2024-01-31,서울특별시,종로구,예지동,예지동,35,20,15,1,0,2,2
1111015900,2024-01-31,서울특별시,종로구,원남동,원남동,511,222,289,66,135,42,54
1111016000,2024-01-31,서울특별시,종로구,연지동,연지동,875,460,415,149,212,83,118
1111016100,2024-01-31,서울특별시,종로구,종로4가,종로4가,22,10,12,0,0,1,0
1111016200,2024-01-31,서울특별시,종로구,효제동,효제동,829,420,409,128,184,74,113
1111016300,2024-01-31,서울특별시,종로구,종로5가,종로5가,225,119,106,15,31,16,10
1111016400,2024-01-31,서울특별시,종로구,종로6가,종로6가,454,248,206,22,26,21,22
1111016500,2024-01-31,서울특별시,종로구,이화동,이화동,1717,849,868,134,173,123,152
1111016600,2024-01-31,서울특별시,종로구,연건동,연건동,1596,737,859,242,269,174,143
1111016700,2024-01-31,서울특별시,종로구,충신동,충신동,2982,1573,1409,221,185,198,241
1111016800,2024-01-31,서울특별시,종로구,동숭동,동숭동,3591,1688,1903,316,374,322,305
1111016900,2024-01-31,서울특별시,종로구,혜화동,혜화동,3190,1463,1727,297,391,224,203
1111017000,2024-01-31,서울특별시,종로구,명륜1가,명륜1가,4222,2012,2210,523,503,242,267
1111017100,2024-01-31,서울특별시,종로구,명륜2가,명륜2가,3020,1382,1638,362,448,197,178
1111017200,2024-01-31,서울특별시,종로구,명륜4가,명륜4가,816,405,411,113,127,57,75
1111017300,2024-01-31,서울특별시,종로구,명륜3가,명륜3가,4596,2364,2232,821,692,226,336
1111017400,2024-01-31,서울특별시,종로구,창신동,창신동,18317,9362,8955,1183,1095,1079,1321
1111017500,2024-01-31,서울특별시,종로구,숭인동,숭인동,15704,7615,8089,1288,1893,1311,1348
1111017600,2024-01-31,서울특별시,종로구,교남동,교남동,558,264,294,25,32,35,34
1111017700,2024-01-31,서울특별시,종로구,평동,평동,1563,720,843,63,55,133,81
1111017800,2024-01-31,서울특별시,종로구,송월동,송월동,910,425,485,55,60,52,35
1111017900,2024-01-31,서울특별시,종로구,홍파동,홍파동,1554,715,839,72,80,96,79
1111018000,2024-01-31,서울특별시,종로구,교북동,교북동,924,412,512,44,63,137,99
1111018100,2024-01-31,서울특별시,종로구,행촌동,행촌동,4180,1914,2266,267,325,301,301
1111018200,2024-01-31,서울특별시,종로구,구기동,구기동,5738,2691,3047,341,330,329,307
1111018300,2024-01-31,서울특별시,종로구,평창동,평창동,11635,5384,6251,645,678,750,664
1111018400,2024-01-31,서울특별시,종로구,부암동,부암동,4068,1926,2142,260,235,293,275
1111018500,2024-01-31,서울특별시,종로구,홍지동,홍지동,1549,728,821,113,105,96,88
1111018600,2024-01-31,서울특별시,종로구,신영동,신영동,3433,1632,1801,185,196,205,205
1111018700,2024-01-31,서울특별시,종로구,무악동,무악동,7988,3664,4324,394,443,434,375
1114010100,2024-01-31,서울특별시,중구,무교동,무교동,8,5,3,0,0,0,0
1114010200,2024-01-31,서울특별시,중구,다동,다동,62,41,21,6,4,2,5
1114010300,2024-01-31,서울특별시,중구,태평로1가,태평로1가,4,2,2,0,0,0,0
1114010400,2024-01-31,서울특별시,중구,을지로1가,을지로1가,1,1,0,0,0,0,0
1114010500,2024-01-31,서울특별시,중구,을지로2가,을지로2가,54,38,16,6,5,4,5
1114010700,2024-01-31,서울특별시,중구,삼각동,삼각동,5,3,2,0,0,0,0
1114010900,2024-01-31,서울특별시,중구,장교동,장교동,2,1,1,0,0,0,0
1114011000,2024-01-31,서울특별시,중구,수표동,수표동,5,4,1,0,0,0,0
1114011100,2024-01-31,서울특별시,중구,소공동,소공동,1,1,0,0,0,0,0
1114011200,2024-01-31,서울특별시,중구,남창동,남창동,412,209,203,13,20,21,22
1114011300,2024-01-31,서울특별시,중구,북창동,북창동,149,100,49,8,4,6,19
1114011400,2024-01-31,서울특별시,중구,태평로2가,태평로2가,48,34,14,2,4,1,8
1114011500,2024-01-31,서울특별시,중구,남대문로2가,남대문로2가,1,1,0,0,0,0,0
1114011600,2024-01-31,서울특별시,중구,남대문로3가,남대문로3가,10,4,6,0,0,0,1
1114011700,2024-01-31,서울특별시,중구,남대문로4가,남대문로4가,4,3,1,0,0,0,2
1114011800,2024-01-31,서울특별시,중구,남대문로5가,남대문로5가,701,487,214,16,17,25,23
1114011900,2024-01-31,서울특별시,중구,봉래동1가,봉래동1가,42,42,0,1,0,0,1
1114012100,2024-01-31,서울특별시,중구,회현동1가,회현동1가,3206,1558,1648,179,172,230,205
1114012200,2024-01-31,서울특별시,중구,회현동2가,회현동2가,818,362,456,35,64,51,37
1114012300,2024-01-31,서울특별시,중구,회현동3가,회현동3가,33,18,15,3,3,1,4
1114012400,2024-01-31,서울특별시,중구,충무로1가,충무로1가,16,11,5,0,1,1,2
1114012500,2024-01-31,서울특별시,중구,충무로2가,충무로2가,261,126,135,31,72,34,54
1114012600,2024-01-31,서울특별시,중구,명동1가,명동1가,11,8,3,1,0,0,1
1114012700,2024-01-31,서울특별시,중구,명동2가,명동2가,521,53,468,2,2,24,3
1114012800,2024-01-31,서울특별시,중구,남산동1가,남산동1가,133,69,64,7,5,9,12
1114012900,2024-01-31,서울특별시,중구,남산동2가,남산동2가,506,259,247,28,29,35,49
1114013000,2024-01-31,서울특별시,중구,남산동3가,남산동3가,50,27,23,3,5,3,7
1114013100,2024-01-31,서울특별시,중구,저동1가,저동1가,15,7,8,0,0,1,1
1114013200,2024-01-31,서울특별시,중구,충무로4가,충무로4가,1554,763,791,90,99,113,108
1114013300,2024-01-31,서울특별시,중구,충무로5가,충무로5가,597,277,320,68,137,90,94
1114013400,2024-01-31,서울특별시,중구,인현동2가,인현동2가,1104,533,571,85,109,169,198
1114013500,2024-01-31,서울특별시,중구,예관동,예관동,21,12,9,0,0,1,1
1114013600,2024-01-31,서울특별시,중구,묵정동,묵정동,889,432,457,104,131,74,79
1114013700,2024-01-31,서울특별시,중구,필동1가,필동1가,172,89,83,7,25,19,28
1114013800,2024-01-31,서울특별시,중구,필동2가,필동2가,845,442,403,65,66,64,73
1114013900,2024-01-31,서울특별시,중구,필동3가,필동3가,953,485,468,130,115,76,65
1114014000,2024-01-31,서울특별시,중구,남학동,남학동,42,22,20,1,1,2,1
1114014100,2024-01-31,서울특별시,중구,주자동,주자동,18,16,2,1,0,0,1
1114014200,2024-01-31,서울특별시,중구,예장동,예장동,772,388,384,63,45,51,72
1114014300,2024-01-31,서울특별시,중구,장충동1가,장충동1가,1703,830,873,160,149,138,139
1114014400,2024-01-31,서울특별시,중구,장충동2가,장충동2가,2841,1546,1295,496,333,157,243
1114014500,2024-01-31,서울특별시,중구,광희동1가,광희동1가,350,177,173,34,65,28,26
1114014600,2024-01-31,서울특별시,중구,광희동2가,광희동2가,832,409,423,72,70,73,78
1114014700,2024-01-31,서울특별시,중구,쌍림동,쌍림동,586,287,299,39,76,36,48
1114014800,2024-01-31,서울특별시,중구,을지로6가,을지로6가,155,77,78,15,26,28,20
1114014900,2024-01-31,서울특별시,중구,을지로7가,을지로7가,49,26,23,2,7,2,2
1114015000,2024-01-31,서울특별시,중구,을지로4가,을지로4가,122,74,48,7,12,13,22
1114015100,2024-01-31,서울특별시,중구,을지로5가,을지로5가,422,195,227,36,59,46,57
1114015200,2024-01-31,서울특별시,중구,주교동,주교동,260,197,63,15,4,7,18
1114015300,2024-01-31,서울특별시,중구,방산동,방산동,39,30,9,2,0,0,0
1114015400,2024-01-31,서울특별시,중구,오장동,오장동,709,359,350,97,199,74,103
1114015500,2024-01-31,서울특별시,중구,을지로3가,을지로3가,217,150,67,5,9,16,21
1114015600,2024-01-31,서울특별시,중구,입정동,입정동,1447,728,719,80,106,269,334
1114015700,2024-01-31,서울특별시,중구,산림동,산림동,139,82,57,4,2,6,6
1114015800,2024-01-31,서울특별시,중구,충무로3가,충무로3가,260,175,85,25,35,22,50
1114015900,2024-01-31,서울특별시,중구,초동,초동,76,52,24,6,3,2,6
1114016000,2024-01-31,서울특별시,중구,인현동1가,인현동1가,79,48,31,1,4,2,3
1114016100,2024-01-31,서울특별시,중구,저동2가,저동2가,258,124,134,20,42,47,44
1114016200,2024-01-31,서울특별시,중구,신당동,신당동,67364,32219,35145,4120,4562,5176,5201
1114016300,2024-01-31,서울특별시,중구,흥인동,흥인동,2253,948,1305,176,391,309,233
1114016400,2024-01-31,서울특별시,중구,무학동,무학동,216,112,104,18,29,21,25
1114016500,2024-01-31,서울특별시,중구,황학동,황학동,12721,5997,6724,879,1296,1512,1454
1114016600,2024-01-31,서울특별시,중구,서소문동,서소문동,20,13,7,0,0,1,3
1114016700,2024-01-31,서울특별시,중구,정동,정동,536,251,285,28,49,55,51
1114016800,2024-01-31,서울특별시,중구,순화동,순화동,1212,532,680,33,74,141,104
1114016900,2024-01-31,서울특별시,중구,의주로1가,의주로1가,220,100,120,10,13,29,24
1114017100,2024-01-31,서울특별시,중구,중림동,중림동,6389,3124,3265,321,516,519,476
1114017200,2024-01-31,서울특별시,중구,의주로2가,의주로2가,8,6,2,0,0,0,0
1114017300,2024-01-31,서울특별시,중구,만리동1가,만리동1가,1316,646,670,63,68,137,114
1114017400,2024-01-31,서울특별시,중구,만리동2가,만리동2가,4477,2204,2273,204,191,497,367
1117010100,2024-01-31,서울특별시,용산구,후암동,후암동,15992,7727,8265,1072,1131,1313,1445
1117010200,2024-01-31,서울특별시,용산구,용산동2가,용산동2가,8900,4335,4565,671,635,786,847
1117010300,2024-01-31,서울특별시,용산구,용산동4가,용산동4가,2,2,0,2,0,0,0
1117010400,2024-01-31,서울특별시,용산구,갈월동,갈월동,2740,1533,1207,174,203,225,273
1117010500,2024-01-31,서울특별시,용산구,남영동,남영동,612,422,190,22,23,29,52
1117010700,2024-01-31,서울특별시,용산구,동자동,동자동,3476,2220,1256,145,199,203,230
1117010800,2024-01-31,서울특별시,용산구,서계동,서계동,4826,2447,2379,388,316,357,458
1117010900,2024-01-31,서울특별시,용산구,청파동1가,청파동1가,7173,3634,3539,639,677,588,764
1117011000,2024-01-31,서울특별시,용산구,청파동2가,청파동2가,3295,1213,2082,211,680,269,253
1117011100,2024-01-31,서울특별시,용산구,청파동3가,청파동3가,3531,1448,2083,289,820,361,305
1117011200,2024-01-31,서울특별시,용산구,원효로1가,원효로1가,6847,3069,3778,526,987,998,900
1117011300,2024-01-31,서울특별시,용산구,원효로2가,원효로2가,1731,903,828,144,154,190,236
1117011400,2024-01-31,서울특별시,용산구,신창동,신창동,2289,1074,1215,167,177,167,187
1117011500,2024-01-31,서울특별시,용산구,산천동,산천동,4902,2249,2653,218,314,396,355
1117011600,2024-01-31,서울특별시,용산구,청암동,청암동,644,314,330,35,25,41,36
1117011700,2024-01-31,서울특별시,용산구,원효로3가,원효로3가,2099,1017,1082,155,264,250,257
1117011800,2024-01-31,서울특별시,용산구,원효로4가,원효로4가,3712,1757,1955,262,285,333,297
1117011900,2024-01-31,서울특별시,용산구,효창동,효창동,10625,5010,5615,722,868,1019,945
1117012000,2024-01-31,서울특별시,용산구,도원동,도원동,5306,2539,2767,320,317,374,364
1117012100,2024-01-31,서울특별시,용산구,용문동,용문동,6079,2887,3192,443,525,574,619
1117012200,2024-01-31,서울특별시,용산구,문배동,문배동,5717,2627,3090,269,463,830,615
1117012300,2024-01-31,서울특별시,용산구,신계동,신계동,2737,1318,1419,160,162,233,221
1117012400,2024-01-31,서울특별시,용산구,한강로1가,한강로1가,3229,1494,1735,236,281,452,353
1117012500,2024-01-31,서울특별시,용산구,한강로2가,한강로2가,7218,3301,3917,486,851,1331,1179
1117012600,2024-01-31,서울특별시,용산구,용산동3가,용산동3가,274,167,107,47,11,17,30
1117012700,2024-01-31,서울특별시,용산구,용산동5가,용산동5가,2362,1126,1236,118,146,153,115
1117012800,2024-01-31,서울특별시,용산구,한강로3가,한강로3가,7893,3814,4079,468,562,621,567
1117012900,2024-01-31,서울특별시,용산구,이촌동,이촌동,32810,15406,17404,1670,1701,2283,1915
1117013000,2024-01-31,서울특별시,용산구,이태원동,이태원동,14696,7076,7620,1062,965,1331,1521
1117013100,2024-01-31,서울특별시,용산구,한남동,한남동,17269,8302,8967,970,971,1621,1500
1117013200,2024-01-31,서울특별시,용산구,동빙고동,동빙고동,6060,2950,3110,403,403,278,285
1117013300,2024-01-31,서울특별시,용산구,서빙고동,서빙고동,5592,2623,2969,341,321,408,337
1117013400,2024-01-31,서울특별시,용산구,주성동,주성동,822,430,392,44,44,53,92
1117013600,2024-01-31,서울특별시,용산구,보광동,보광동,10715,5359,5356,796,612,717,975
1120010100,2024-01-31,서울특별시,성동구,상왕십리동,상왕십리동,3653,1710,1943,148,224,379,261
1120010200,2024-01-31,서울특별시,성동구,하왕십리동,하왕십리동,30254,14389,15865,1817,2104,2704,2364
1120010300,2024-01-31,서울특별시,성동구,홍익동,홍익동,3773,1800,1973,282,316,289,301
1120010400,2024-01-31,서울특별시,성동구,도선동,도선동,4706,2154,2552,518,839,499,449
1120010500,2024-01-31,서울특별시,성동구,마장동,마장동,21494,10561,10933,2009,2039,1526,1631
1120010600,2024-01-31,서울특별시,성동구,사근동,사근동,6632,3517,3115,1404,1023,326,487
1120010700,2024-01-31,서울특별시,성동구,행당동,행당동,41800,19927,21873,3461,3691,3284,3187
1120010800,2024-01-31,서울특별시,성동구,응봉동,응봉동,14901,7072,7829,778,883,1047,970
1120010900,2024-01-31,서울특별시,성동구,금호동1가,금호동1가,14745,7022,7723,734,785,1228,1075
1120011000,2024-01-31,서울특별시,성동구,금호동2가,금호동2가,9726,4603,5123,469,527,951,800
1120011100,2024-01-31,서울특별시,성동구,금호동3가,금호동3가,12215,5844,6371,748,709,992,1035
1120011200,2024-01-31,서울특별시,성동구,금호동4가,금호동4가,14130,6688,7442,662,645,1248,1068
1120011300,2024-01-31,서울특별시,성동구,옥수동,옥수동,25382,11766,13616,1123,1304,2501,2055
1120011400,2024-01-31,서울특별시,성동구,성수동1가,성수동1가,27315,13473,13842,1958,1991,2600,2552
1120011500,2024-01-31,서울특별시,성동구,성수동2가,성수동2가,24586,12551,12035,1713,1740,2078,2183
1120011800,2024-01-31,서울특별시,성동구,송정동,송정동,9825,5207,4618,723,724,693,866
1120012200,2024-01-31,서울특별시,성동구,용답동,용답동,11953,6106,5847,1183,1503,986,1082
1121510100,2024-01-31,서울특별시,광진구,중곡동,중곡동,78943,37979,40964,5679,6655,6660,6765
1121510200,2024-01-31,서울특별시,광진구,능동,능동,11081,5078,6003,962,1275,1325,1119
1121510300,2024-01-31,서울특별시,광진구,구의동,구의동,76600,36439,40161,5588,6519,6407,6267
1121510400,2024-01-31,서울특별시,광진구,광장동,광장동,33965,16440,17525,1908,1913,1810,1498
1121510500,2024-01-31,서울특별시,광진구,자양동,자양동,92572,44885,47687,6711,7048,7300,7453
1121510700,2024-01-31,서울특별시,광진구,화양동,화양동,23134,10953,12181,4346,5859,2274,2487
1121510900,2024-01-31,서울특별시,광진구,군자동,군자동,19040,9380,9660,2023,2205,1658,1788
1123010100,2024-01-31,서울특별시,동대문구,신설동,신설동,3663,1859,1804,350,648,393,398
1123010200,2024-01-31,서울특별시,동대문구,용두동,용두동,34801,17134,17667,2796,3229,3112,3105
1123010300,2024-01-31,서울특별시,동대문구,제기동,제기동,22953,11786,11167,2298,2032,1299,1673
1123010400,2024-01-31,서울특별시,동대문구,전농동,전농동,50206,24603,25603,3325,3564,3220,3393
1123010500,2024-01-31,서울특별시,동대문구,답십리동,답십리동,55278,26589,28689,3268,3730,4640,4427
1123010600,2024-01-31,서울특별시,동대문구,장안동,장안동,70146,34678,35468,4102,4477,5232,5474
1123010700,2024-01-31,서울특별시,동대문구,청량리동,청량리동,18700,9210,9490,1104,1107,984,1155
1123010800,2024-01-31,서울특별시,동대문구,회기동,회기동,10340,4875,5465,1529,1906,681,792
1123010900,2024-01-31,서울특별시,동대문구,휘경동,휘경동,37840,18453,19387,4534,4963,2394,2718
1123011000,2024-01-31,서울특별시,동대문구,이문동,이문동,37056,18043,19013,3596,4127,2054,2305
1126010100,2024-01-31,서울특별시,중랑구,면목동,면목동,134638,66675,67963,8511,8827,9858,10631
1126010200,2024-01-31,서울특별시,중랑구,상봉동,상봉동,43483,20897,22586,3087,4009,4155,3981
1126010300,2024-01-31,서울특별시,중랑구,중화동,중화동,42503,21435,21068,2721,2840,3094,3433
1126010400,2024-01-31,서울특별시,중랑구,묵동,묵동,51722,24868,26854,3323,3754,3641,3603
1126010500,2024-01-31,서울특별시,중랑구,망우동,망우동,52611,26103,26508,3063,3392,3974,4234
1126010600,2024-01-31,서울특별시,중랑구,신내동,신내동,57327,27414,29913,3207,3142,3669,3551
1129010100,2024-01-31,서울특별시,성북구,성북동,성북동,10159,4799,5360,634,691,808,752
1129010200,2024-01-31,서울특별시,성북구,성북동1가,성북동1가,1832,814,1018,149,224,151,150
1129010300,2024-01-31,서울특별시,성북구,돈암동,돈암동,38204,17989,20215,2214,2397,2431,2256
1129010400,2024-01-31,서울특별시,성북구,동소문동1가,동소문동1가,921,434,487,102,112,91,84
1129010500,2024-01-31,서울특별시,성북구,동소문동2가,동소문동2가,505,251,254,41,33,21,37
1129010600,2024-01-31,서울특별시,성북구,동소문동3가,동소문동3가,152,90,62,11,22,6,11
1129010700,2024-01-31,서울특별시,성북구,동소문동4가,동소문동4가,3010,1358,1652,244,382,216,219
1129010800,2024-01-31,서울특별시,성북구,동소문동5가,동소문동5가,1114,501,613,82,156,59,41
1129010900,2024-01-31,서울특별시,성북구,동소문동6가,동소문동6가,1859,663,1196,151,530,168,131
1129011000,2024-01-31,서울특별시,성북구,동소문동7가,동소문동7가,2320,1103,1217,167,216,149,150
1129011100,2024-01-31,서울특별시,성북구,삼선동1가,삼선동1가,4198,2089,2109,399,386,291,327
1129011200,2024-01-31,서울특별시,성북구,삼선동2가,삼선동2가,5594,2664,2930,413,451,377,342
1129011300,2024-01-31,서울특별시,성북구,삼선동3가,삼선동3가,3758,1790,1968,290,289,202,209
1129011400,2024-01-31,서울특별시,성북구,삼선동4가,삼선동4가,3099,1403,1696,258,433,275,224
1129011500,2024-01-31,서울특별시,성북구,삼선동5가,삼선동5가,3697,1702,1995,371,512,328,321
1129011600,2024-01-31,서울특별시,성북구,동선동1가,동선동1가,1177,473,704,142,311,118,88
1129011700,2024-01-31,서울특별시,성북구,동선동2가,동선동2가,2146,787,1359,228,704,169,178
1129011800,2024-01-31,서울특별시,성북구,동선동3가,동선동3가,2862,1101,1761,240,713,232,230
1129011900,2024-01-31,서울특별시,성북구,동선동4가,동선동4가,2073,880,1193,206,452,205,199
1129012000,2024-01-31,서울특별시,성북구,동선동5가,동선동5가,2035,947,1088,203,290,159,175
1129012100,2024-01-31,서울특별시,성북구,안암동1가,안암동1가,3870,1831,2039,510,594,265,266
1129012200,2024-01-31,서울특별시,성북구,안암동2가,안암동2가,2322,1164,1158,485,489,138,200
1129012300,2024-01-31,서울특별시,성북구,안암동3가,안암동3가,3647,1866,1781,429,334,226,333
1129012400,2024-01-31,서울특별시,성북구,안암동4가,안암동4가,984,498,486,128,158,59,82
1129012500,2024-01-31,서울특별시,성북구,안암동5가,안암동5가,3973,2103,1870,1236,1051,183,266
1129012600,2024-01-31,서울특별시,성북구,보문동4가,보문동4가,941,468,473,80,81,71,74
1129012700,2024-01-31,서울특별시,성북구,보문동5가,보문동5가,1792,888,904,158,190,145,161
1129012800,2024-01-31,서울특별시,성북구,보문동6가,보문동6가,6135,2964,3171,392,401,586,567
1129012900,2024-01-31,서울특별시,성북구,보문동7가,보문동7가,1016,536,480,98,83,104,118
1129013000,2024-01-31,서울특별시,성북구,보문동1가,보문동1가,1699,813,886,108,154,152,144
1129013100,2024-01-31,서울특별시,성북구,보문동2가,보문동2가,2022,910,1112,223,327,183,174
1129013200,2024-01-31,서울특별시,성북구,보문동3가,보문동3가,2560,1182,1378,170,172,165,153
1129013300,2024-01-31,서울특별시,성북구,정릉동,정릉동,77874,37537,40337,5918,5679,4750,4963
1129013400,2024-01-31,서울특별시,성북구,길음동,길음동,54084,25728,28356,2646,2821,3431,2877
1129013500,2024-01-31,서울특별시,성북구,종암동,종암동,37609,18578,19031,2821,2581,2150,2395
1129013600,2024-01-31,서울특별시,성북구,하월곡동,하월곡동,38876,18606,20270,2311,2993,2494,2487
1129013700,2024-01-31,서울특별시,성북구,상월곡동,상월곡동,9072,4318,4754,578,929,556,636
1129013800,2024-01-31,서울특별시,성북구,장위동,장위동,51957,25340,26617,3259,3416,3543,3633
1129013900,2024-01-31,서울특별시,성북구,석관동,석관동,33768,16656,17112,2184,2401,2202,2395
1130510100,2024-01-31,서울특별시,강북구,미아동,미아동,127024,61733,65291,7872,8443,7293,7812
1130510200,2024-01-31,서울특별시,강북구,번동,번동,48303,23248,25055,3097,3203,2666,2991
1130510300,2024-01-31,서울특별시,강북구,수유동,수유동,101509,49058,52451,6558,7512,5974,6911
1130510400,2024-01-31,서울특별시,강북구,우이동,우이동,10654,5102,5552,579,680,582,657
1132010500,2024-01-31,서울특별시,도봉구,쌍문동,쌍문동,72947,34754,38193,4499,4899,4505,4671
1132010600,2024-01-31,서울특별시,도봉구,방학동,방학동,72279,35666,36613,4342,4001,3684,4150
1132010700,2024-01-31,서울특별시,도봉구,창동,창동,115486,55582,59904,7286,7506,7479,7698
1132010800,2024-01-31,서울특별시,도봉구,도봉동,도봉동,46010,22668,23342,2463,2338,2606,2787
1135010200,2024-01-31,서울특별시,노원구,월계동,월계동,74540,36423,38117,5052,4411,4558,4845
1135010300,2024-01-31,서울특별시,노원구,공릉동,공릉동,77249,37471,39778,6491,6906,5162,5204
1135010400,2024-01-31,서울특별시,노원구,하계동,하계동,47195,22483,24712,3721,3323,2545,2502
1135010500,2024-01-31,서울특별시,노원구,상계동,상계동,197373,94308,103065,12252,12227,13327,13591
1135010600,2024-01-31,서울특별시,노원구,중계동,중계동,100880,47924,52956,5905,5704,4702,4421
1138010100,2024-01-31,서울특별시,은평구,수색동,수색동,20585,10003,10582,1312,1281,1860,1762
1138010200,2024-01-31,서울특별시,은평구,녹번동,녹번동,36032,16908,19124,2080,2396,2920,2745
1138010300,2024-01-31,서울특별시,은평구,불광동,불광동,64150,30436,33714,4050,4442,4480,4547
1138010400,2024-01-31,서울특별시,은평구,갈현동,갈현동,41895,19964,21931,2810,3147,2734,2877
1138010500,2024-01-31,서울특별시,은평구,구산동,구산동,31411,15240,16171,1981,2248,1904,1882
1138010600,2024-01-31,서울특별시,은평구,대조동,대조동,27360,12628,14732,2024,3052,2466,2436
1138010700,2024-01-31,서울특별시,은평구,응암동,응암동,83476,39749,43727,4618,5307,6536,6117
1138010800,2024-01-31,서울특별시,은평구,역촌동,역촌동,43730,20448,23282,2766,3062,3062,2883
1138010900,2024-01-31,서울특별시,은평구,신사동,신사동,45322,22030,23292,3053,2967,3112,3234
1138011000,2024-01-31,서울특별시,은평구,증산동,증산동,18240,8838,9402,1125,1218,1339,1289
1138011400,2024-01-31,서울특별시,은평구,진관동,진관동,54273,25240,29033,2910,3774,3529,2564
1141010100,2024-01-31,서울특별시,서대문구,충정로2가,충정로2가,1124,548,576,84,137,131,131
1141010200,2024-01-31,서울특별시,서대문구,충정로3가,충정로3가,4949,2323,2626,363,535,517,480
1141010300,2024-01-31,서울특별시,서대문구,합동,합동,1062,478,584,62,94,144,132
1141010400,2024-01-31,서울특별시,서대문구,미근동,미근동,443,227,216,48,44,39,44
1141010500,2024-01-31,서울특별시,서대문구,냉천동,냉천동,3041,1491,1550,139,206,230,198
1141010600,2024-01-31,서울특별시,서대문구,천연동,천연동,4528,2096,2432,240,279,366,334
1141010700,2024-01-31,서울특별시,서대문구,옥천동,옥천동,949,441,508,65,77,65,68
1141010800,2024-01-31,서울특별시,서대문구,영천동,영천동,2962,1370,1592,179,189,172,164
1141010900,2024-01-31,서울특별시,서대문구,현저동,현저동,5063,2407,2656,307,255,355,335
1141011000,2024-01-31,서울특별시,서대문구,북아현동,북아현동,27577,13273,14304,1641,1930,2341,2197
1141011100,2024-01-31,서울특별시,서대문구,홍제동,홍제동,55536,26166,29370,3334,3547,4054,3859
1141011200,2024-01-31,서울특별시,서대문구,대현동,대현동,6744,2117,4627,665,2556,679,382
1141011300,2024-01-31,서울특별시,서대문구,대신동,대신동,1548,625,923,199,420,145,104
1141011400,2024-01-31,서울특별시,서대문구,신촌동,신촌동,825,337,488,97,200,76,49
1141011500,2024-01-31,서울특별시,서대문구,봉원동,봉원동,370,175,195,15,30,21,22
1141011600,2024-01-31,서울특별시,서대문구,창천동,창천동,10689,5422,5267,2102,2155,925,1243
1141011700,2024-01-31,서울특별시,서대문구,연희동,연희동,33908,16177,17731,3803,3764,2696,2668
1141011800,2024-01-31,서울특별시,서대문구,홍은동,홍은동,50678,24351,26327,3349,3421,3402,3552
1141011900,2024-01-31,서울특별시,서대문구,북가좌동,북가좌동,48154,23215,24939,3010,3107,3075,3143
1141012000,2024-01-31,서울특별시,서대문구,남가좌동,남가좌동,45707,21973,23734,2708,2918,3342,2923
1144010100,2024-01-31,서울특별시,마포구,아현동,아현동,28282,13381,14901,1560,1972,2801,2499
1144010200,2024-01-31,서울특별시,마포구,공덕동,공덕동,25605,11867,13738,1452,2133,2606,2228
1144010300,2024-01-31,서울특별시,마포구,신공덕동,신공덕동,12375,5610,6765,720,1226,1234,995
1144010400,2024-01-31,서울특별시,마포구,도화동,도화동,21461,9978,11483,1146,1439,2048,1834
1144010500,2024-01-31,서울특별시,마포구,용강동,용강동,7404,3551,3853,299,359,536,482
1144010600,2024-01-31,서울특별시,마포구,토정동,토정동,1247,598,649,52,45,163,139
1144010700,2024-01-31,서울특별시,마포구,마포동,마포동,2648,1305,1343,185,198,281,308
1144010800,2024-01-31,서울특별시,마포구,대흥동,대흥동,16319,7794,8525,1134,1458,1234,1167
1144010900,2024-01-31,서울특별시,마포구,염리동,염리동,18070,8582,9488,1112,1338,1494,1334
1144011000,2024-01-31,서울특별시,마포구,노고산동,노고산동,5801,2829,2972,889,1114,583,654
1144011100,2024-01-31,서울특별시,마포구,신수동,신수동,15395,7621,7774,1443,1290,1124,1157
1144011200,2024-01-31,서울특별시,마포구,현석동,현석동,4978,2363,2615,297,311,425,333
1144011300,2024-01-31,서울특별시,마포구,구수동,구수동,761,360,401,53,54,73,78
1144011400,2024-01-31,서울특별시,마포구,창전동,창전동,14688,7032,7656,1236,1378,1178,1087
1144011500,2024-01-31,서울특별시,마포구,상수동,상수동,7412,3475,3937,772,897,743,624
1144011600,2024-01-31,서울특별시,마포구,하중동,하중동,1445,689,756,79,113,99,74
1144011700,2024-01-31,서울특별시,마포구,신정동,신정동,1538,740,798,87,81,151,120
1144011800,2024-01-31,서울특별시,마포구,당인동,당인동,1019,504,515,99,111,116,140
1144012000,2024-01-31,서울특별시,마포구,서교동,서교동,19305,8789,10516,1892,2537,2277,1991
1144012100,2024-01-31,서울특별시,마포구,동교동,동교동,3481,1645,1836,394,468,385,410
1144012200,2024-01-31,서울특별시,마포구,합정동,합정동,16297,7509,8788,1312,1683,1884,1701
1144012300,2024-01-31,서울특별시,마포구,망원동,망원동,37027,17221,19806,2517,3097,3416,3087
1144012400,2024-01-31,서울특별시,마포구,연남동,연남동,14189,6671,7518,1293,1578,1454,1455
1144012500,2024-01-31,서울특별시,마포구,성산동,성산동,47574,21126,26448,3174,5069,4860,4007
1144012600,2024-01-31,서울특별시,마포구,중동,중동,9701,4721,4980,660,661,580,609
1144012700,2024-01-31,서울특별시,마포구,상암동,상암동,29657,13921,15736,1834,2419,1908,1618
1147010100,2024-01-31,서울특별시,양천구,신정동,신정동,171868,83204,88664,10359,10377,9832,9591
1147010200,2024-01-31,서울특별시,양천구,목동,목동,145375,70555,74820,8947,9021,9221,8500
1147010300,2024-01-31,서울특별시,양천구,신월동,신월동,118305,58788,59517,7003,6655,7517,8177
1150010100,2024-01-31,서울특별시,강서구,염창동,염창동,41260,19810,21450,2424,2871,3945,3305
1150010200,2024-01-31,서울특별시,강서구,등촌동,등촌동,73652,34777,38875,4779,5818,7515,7050
1150010300,2024-01-31,서울특별시,강서구,화곡동,화곡동,217278,104902,112376,15154,17994,17896,19266
1150010400,2024-01-31,서울특별시,강서구,가양동,가양동,43133,20127,23006,2044,2552,4234,3959
1150010500,2024-01-31,서울특별시,강서구,마곡동,마곡동,53920,24861,29059,3286,5863,5517,4536
1150010600,2024-01-31,서울특별시,강서구,내발산동,내발산동,44651,20998,23653,2573,2879,2498,2422
1150010700,2024-01-31,서울특별시,강서구,외발산동,외발산동,956,504,452,118,48,54,61
1150010800,2024-01-31,서울특별시,강서구,공항동,공항동,17227,8964,8263,1364,1269,1268,1699
1150010900,2024-01-31,서울특별시,강서구,방화동,방화동,68811,33777,35034,3847,3825,5287,5678
1150011000,2024-01-31,서울특별시,강서구,개화동,개화동,1640,887,753,86,61,79,107
1150011200,2024-01-31,서울특별시,강서구,오곡동,오곡동,12,9,3,0,0,0,0
1150011300,2024-01-31,서울특별시,강서구,오쇠동,오쇠동,10,7,3,4,0,1,1
1153010100,2024-01-31,서울특별시,구로구,신도림동,신도림동,36057,17349,18708,1913,2298,3130,2741
1153010200,2024-01-31,서울특별시,구로구,구로동,구로동,114035,56418,57617,7995,8965,9079,10216
1153010300,2024-01-31,서울특별시,구로구,가리봉동,가리봉동,8751,4819,3932,820,789,528,914
1153010600,2024-01-31,서울특별시,구로구,고척동,고척동,52231,25884,26347,3242,3163,3986,4192
1153010700,2024-01-31,서울특별시,구로구,개봉동,개봉동,82340,40248,42092,4683,4615,5579,5811
1153010800,2024-01-31,서울특별시,구로구,오류동,오류동,43746,21085,22661,2870,3595,3614,3749
1153010900,2024-01-31,서울특별시,구로구,궁동,궁동,13950,6740,7210,895,799,847,868
1153011000,2024-01-31,서울특별시,구로구,온수동,온수동,8733,4360,4373,475,441,592,602
1153011100,2024-01-31,서울특별시,구로구,천왕동,천왕동,16138,7449,8689,840,902,979,750
1153011200,2024-01-31,서울특별시,구로구,항동,항동,16330,7900,8430,670,711,1661,1315
1154510100,2024-01-31,서울특별시,금천구,가산동,가산동,24828,13344,11484,3170,3897,2654,3995
1154510200,2024-01-31,서울특별시,금천구,독산동,독산동,102304,51653,50651,7637,8349,8354,10100
1154510300,2024-01-31,서울특별시,금천구,시흥동,시흥동,100325,49474,50851,6076,5851,6044,6806
1156010100,2024-01-31,서울특별시,영등포구,영등포동,영등포동,13729,7178,6551,940,849,1047,1156
1156010200,2024-01-31,서울특별시,영등포구,영등포동1가,영등포동1가,4025,1920,2105,665,1130,672,823
1156010300,2024-01-31,서울특별시,영등포구,영등포동2가,영등포동2가,4239,2235,2004,597,942,646,906
1156010400,2024-01-31,서울특별시,영등포구,영등포동3가,영등포동3가,1964,1108,856,282,464,216,301
1156010500,2024-01-31,서울특별시,영등포구,영등포동4가,영등포동4가,1359,713,646,127,237,212,229
1156010600,2024-01-31,서울특별시,영등포구,영등포동5가,영등포동5가,1785,1081,704,112,122,129,180
1156010700,2024-01-31,서울특별시,영등포구,영등포동6가,영등포동6가,1880,1073,807,221,255,240,312
1156010800,2024-01-31,서울특별시,영등포구,영등포동7가,영등포동7가,9909,4832,5077,800,1041,1284,1260
1156010900,2024-01-31,서울특별시,영등포구,영등포동8가,영등포동8가,4943,2277,2666,358,599,677,617
1156011000,2024-01-31,서울특별시,영등포구,여의도동,여의도동,33412,15679,17733,1676,1971,2694,2227
1156011100,2024-01-31,서울특별시,영등포구,당산동1가,당산동1가,6699,3336,3363,527,720,759,848
1156011200,2024-01-31,서울특별시,영등포구,당산동2가,당산동2가,5417,2540,2877,380,566,720,721
1156011300,2024-01-31,서울특별시,영등포구,당산동3가,당산동3가,8928,4279,4649,636,860,953,965
1156011400,2024-01-31,서울특별시,영등포구,당산동4가,당산동4가,12164,5858,6306,789,962,1271,1155
1156011500,2024-01-31,서울특별시,영등포구,당산동5가,당산동5가,12930,5915,7015,759,1191,1348,1056
1156011600,2024-01-31,서울특별시,영등포구,당산동6가,당산동6가,3395,1616,1779,355,616,508,565
1156011700,2024-01-31,서울특별시,영등포구,당산동,당산동,8231,3738,4493,762,1325,1234,1072
1156011800,2024-01-31,서울특별시,영등포구,도림동,도림동,17597,8915,8682,1233,1309,1551,1742
1156011900,2024-01-31,서울특별시,영등포구,문래동1가,문래동1가,266,166,100,14,13,15,20
1156012000,2024-01-31,서울특별시,영등포구,문래동2가,문래동2가,1086,547,539,57,43,88,108
1156012100,2024-01-31,서울특별시,영등포구,문래동3가,문래동3가,13533,6582,6951,763,808,919,771
1156012200,2024-01-31,서울특별시,영등포구,문래동4가,문래동4가,1942,967,975,114,102,150,138
1156012300,2024-01-31,서울특별시,영등포구,문래동5가,문래동5가,4599,2249,2350,269,296,385,401
1156012400,2024-01-31,서울특별시,영등포구,문래동6가,문래동6가,10716,5120,5596,448,587,1356,1197
1156012500,2024-01-31,서울특별시,영등포구,양평동1가,양평동1가,4971,2404,2567,323,456,520,579
1156012600,2024-01-31,서울특별시,영등포구,양평동2가,양평동2가,7068,3433,3635,428,602,984,959
1156012700,2024-01-31,서울특별시,영등포구,양평동3가,양평동3가,12049,5841,6208,817,1075,1286,1212
1156012800,2024-01-31,서울특별시,영등포구,양평동4가,양평동4가,6679,3266,3413,575,771,810,861
1156012900,2024-01-31,서울특별시,영등포구,양평동5가,양평동5가,5894,2798,3096,388,509,842,716
1156013000,2024-01-31,서울특별시,영등포구,양평동6가,양평동6가,4176,2049,2127,315,453,589,669
1156013200,2024-01-31,서울특별시,영등포구,신길동,신길동,102393,50762,51631,6900,7159,7907,8525
1156013300,2024-01-31,서울특별시,영등포구,대림동,대림동,47007,23292,23715,3226,3130,3116,3674
1159010100,2024-01-31,서울특별시,동작구,노량진동,노량진동,31286,16221,15065,3391,3018,2292,3397
1159010200,2024-01-31,서울특별시,동작구,상도동,상도동,113485,54582,58903,9124,9621,8624,8688
1159010300,2024-01-31,서울특별시,동작구,상도1동,상도1동,9577,4670,4907,1825,1802,615,702
1159010400,2024-01-31,서울특별시,동작구,본동,본동,10733,5265,5468,671,602,943,964
1159010500,2024-01-31,서울특별시,동작구,흑석동,흑석동,30013,14549,15464,2274,2234,2096,1960
1159010600,2024-01-31,서울특별시,동작구,동작동,동작동,5536,2669,2867,334,313,366,313
1159010700,2024-01-31,서울특별시,동작구,사당동,사당동,96726,46428,50298,6988,8214,8477,8515
1159010800,2024-01-31,서울특별시,동작구,대방동,대방동,35667,16807,18860,2756,3293,2503,2438
1159010900,2024-01-31,서울특별시,동작구,신대방동,신대방동,45337,21743,23594,3261,3714,3470,3415
1162010100,2024-01-31,서울특별시,관악구,봉천동,봉천동,221702,107774,113928,23037,26937,19026,21492
1162010200,2024-01-31,서울특별시,관악구,신림동,신림동,242441,126244,116197,27138,26228,18305,26165
1162010300,2024-01-31,서울특별시,관악구,남현동,남현동,17729,8580,9149,1743,2046,1698,1987
1165010100,2024-01-31,서울특별시,서초구,방배동,방배동,94366,43759,50607,5409,6160,6913,5780
1165010200,2024-01-31,서울특별시,서초구,양재동,양재동,35572,17476,18096,2524,2557,3262,3462
1165010300,2024-01-31,서울특별시,서초구,우면동,우면동,27344,12931,14413,1387,1376,1730,1555
1165010400,2024-01-31,서울특별시,서초구,원지동,원지동,249,128,121,7,4,15,13
1165010600,2024-01-31,서울특별시,서초구,잠원동,잠원동,50621,24212,26409,2917,2955,3227,2650
1165010700,2024-01-31,서울특별시,서초구,반포동,반포동,76240,36506,39734,3947,4361,5247,4348
1165010800,2024-01-31,서울특별시,서초구,서초동,서초동,106161,50880,55281,6708,7872,8942,7479
1165010900,2024-01-31,서울특별시,서초구,내곡동,내곡동,8261,4043,4218,432,350,529,439
1165011000,2024-01-31,서울특별시,서초구,염곡동,염곡동,1012,492,520,51,47,63,79
1165011100,2024-01-31,서울특별시,서초구,신원동,신원동,7942,3804,4138,356,414,640,547
1168010100,2024-01-31,서울특별시,강남구,역삼동,역삼동,70497,33635,36862,4680,6340,7217,6844
1168010300,2024-01-31,서울특별시,강남구,개포동,개포동,80274,38384,41890,4337,4344,5787,5169
1168010400,2024-01-31,서울특별시,강남구,청담동,청담동,24659,11506,13153,1456,1706,2113,1601
1168010500,2024-01-31,서울특별시,강남구,삼성동,삼성동,42657,20583,22074,2603,2749,3433,2928
1168010600,2024-01-31,서울특별시,강남구,대치동,대치동,80548,40152,40396,4739,4416,4147,3577
1168010700,2024-01-31,서울특별시,강남구,신사동,신사동,10830,5046,5784,662,815,1008,890
1168010800,2024-01-31,서울특별시,강남구,논현동,논현동,41345,19316,22029,3084,3897,4851,4411
1168011000,2024-01-31,서울특별시,강남구,압구정동,압구정동,30190,14013,16177,1520,1675,1674,1219
1168011100,2024-01-31,서울특별시,강남구,세곡동,세곡동,14344,6774,7570,766,797,1012,914
1168011200,2024-01-31,서울특별시,강남구,자곡동,자곡동,27340,12682,14658,1352,2008,2467,2068
1168011300,2024-01-31,서울특별시,강남구,율현동,율현동,3792,1853,1939,211,184,292,295
1168011400,2024-01-31,서울특별시,강남구,일원동,일원동,47813,23928,23885,2780,2719,3407,3116
1168011500,2024-01-31,서울특별시,강남구,수서동,수서동,21806,9929,11877,901,929,1542,1436
1168011800,2024-01-31,서울특별시,강남구,도곡동,도곡동,53059,24817,28242,2749,3194,3232,2552
1171010100,2024-01-31,서울특별시,송파구,잠실동,잠실동,105918,50273,55645,6002,6976,7577,6316
1171010200,2024-01-31,서울특별시,송파구,신천동,신천동,37702,18034,19668,1764,1865,2463,1899
1171010300,2024-01-31,서울특별시,송파구,풍납동,풍납동,35410,16932,18478,2072,2525,2718,2606
1171010400,2024-01-31,서울특별시,송파구,송파동,송파동,41977,19800,22177,2878,3510,4140,3921
1171010500,2024-01-31,서울특별시,송파구,석촌동,석촌동,30801,14569,16232,2171,2839,3512,3318
1171010600,2024-01-31,서울특별시,송파구,삼전동,삼전동,29086,13557,15529,2097,2650,3306,3022
1171010700,2024-01-31,서울특별시,송파구,가락동,가락동,83807,40916,42891,4972,5036,7132,6650
1171010800,2024-01-31,서울특별시,송파구,문정동,문정동,61420,29252,32168,4093,5182,6826,6318
1171010900,2024-01-31,서울특별시,송파구,장지동,장지동,43131,20787,22344,2137,2016,3275,2750
1171011100,2024-01-31,서울특별시,송파구,방이동,방이동,59132,27937,31195,4052,5081,5499,4782
1171011200,2024-01-31,서울특별시,송파구,오금동,오금동,37415,18087,19328,2409,2250,2564,2499
1171011300,2024-01-31,서울특별시,송파구,거여동,거여동,52691,25889,26802,2923,2945,3947,3762
1171011400,2024-01-31,서울특별시,송파구,마천동,마천동,35499,18156,17343,2154,1846,1770,2216
1174010100,2024-01-31,서울특별시,강동구,명일동,명일동,42262,20634,21628,2418,2404,2841,2677
1174010200,2024-01-31,서울특별시,강동구,고덕동,고덕동,46811,23714,23097,2119,1893,3070,2773
1174010300,2024-01-31,서울특별시,강동구,상일동,상일동,51047,24765,26282,2432,2550,3624,3069
1174010500,2024-01-31,서울특별시,강동구,길동,길동,44649,21745,22904,2945,3383,3499,3654
1174010600,2024-01-31,서울특별시,강동구,둔촌동,둔촌동,24349,11930,12419,1524,1574,1833,1891
1174010700,2024-01-31,서울특별시,강동구,암사동,암사동,65746,32262,33484,3911,3870,4753,4766
1174010800,2024-01-31,서울특별시,강동구,성내동,성내동,65323,31657,33666,4502,5179,5316,5401
1174010900,2024-01-31,서울특별시,강동구,천호동,천호동,84813,41290,43523,5533,6639,7378,7540
1174011000,2024-01-31,서울특별시,강동구,강일동,강일동,34389,16453,17936,1794,1747,2359,2033
